,brand,product,price
0,Essential,Taupe Cotton Hoodi,$9
1,Versace Jeans Coutur,Purple Garland Logo Sandal,$17
2,Jacquemu,Off-White La Montagne 'Le Bob Artichaut' Bucket Ha,$10
3,Jacquemu,Pink La Montagne 'Le Chiquito Moyen' Ba,$57
4,Emily Watso,White Nylon Tankini To,$22
5,Justine Clenque,Silver & Gold Iris Earring,$11
6,Acne Studio,Beige Cotton Trouser,$39
7,Maison Margiel,Black Tabi Ballerina Flat,$71
8,Akoi,SSENSE Exclusive Beige Cover-Up Skir,$8
9,Marine Serr,Black Moon T-Shir,$23
10, Essential,Tan Cotton Lounge Pant,$9
11,Jacquemu,White La Montagne 'Le Chiquito Long' Clutc,$58
12,Marc Jacobs Heaven,Blue Dolly Purse Top Handle Ba,$25
13,Acne Studio,Off-White Acetate Sunglasse,$38
14,1XBLU,SSENSE Exclusive Green Polyester Mini Skir,$12
15,Marc Jacobs Heave,Black Studded Bel,$13
16,Marc Jacobs Heave,Blue Wool Sweate,$29
17,Versace Jeans Coutur,Purple Logo Shoulder Ba,$13
18,Chlo,Off-White & Brown Small Woody Tot,$95
19,Dion Le,Black Cotton Mini Dres,$65
20,Akoi,SSENSE Exclusive Black Mini Dres,$18
21,New Balanc,Silver 2002R Low Sneaker,$14
22,Ottolinge,Off-White Canvas Tot,$23
23,Jacquemu,SSENSE Exclusive Off-White Mohair 'Le Cardigan' Cardiga,$35
24,Vivienne Westwoo,Gold Suzie Necklac,$15
25,Gimagua,Multicolor Coco Camisol,$13
26,Alexander Wan,Purple Cotton T-Shir,$19
27,Balenciag,White Hourglass Shoulder Ba,$145
28,Essential,Black Faded Denim Jacke,$19
29,Versace Jeans Coutur,Black Regalia Baroque Rock Cut Ba,$24
30,Marc Jacob,Yellow 'The Mesh Small Tote Bag' Tot,$25
31,Axel Arigat,Beige Delta Sandal,$13
32,Axel Arigat,Gray Marathon Dip-Dye Sneaker,$30
33,Maison Margiel,White & Grey Replica Sneaker,$49
34,Essential,Tan Cotton Hoodi,$9
35,Essential,SSENSE Exclusive Green Mock Neck Sweatshir,$8
36,Belle The Labe,Black Pera Trouser,$17
37,AGOLD,Blue Denim Parker Long Vintage Short,$13
38,Jacquemu,Black La Montagne 'Le Grand Chiquito' Ba,$66
39,TOM FOR,Pink Silk Short,$22
40,GANN,Orange Recycled Nylon Shir,$29
41,The Ro,Brown Suede Zipped 1 Boot,$149
42,Essential,Off-White 1977 Hoodi,$9
43,Balenciag,Black Crocs Edition Pool Slide,$56
44,AGOLD,Blue Lana Jean,$19
45,Gucc,Black Nylon Sock,$26
46,Jacquemu,Orange 'Le Chiquito Moyen' Ba,$47
47,Gucc,Beige Super Mini GG Supreme Dionysus Ba,$96
48,Essential,Taupe Cotton Lounge Pant,$9
49,Rick Owen,Black Stocking Sneaker Boot,$166
50,Jacquemu,White 'Le T-Shirt Jacquemus' T-Shir,$9
51,Nik,White Blazer Low '77 Sneaker,$10
52,Essential,Beige Relaxed Hoodi,$9
53,Marine Serr,White Moon Tank To,$14
54,Essential,Green Fleece Raglan Sweatshir,$8
55,Essential,Black Fleece '1977' Lounge Pant,$9
56,Jacquemu,Beige 'La Robe Saudade Longue' Maxi Dres,$79
57,Golden Goos,SSENSE Exclusive White & Blue Super-Star Classic Sneaker,$48
58,ARE,Black Rayon Bodysui,$45
59,Jacquemu,White La Montagne 'Le Chiquito Nœud' Ba,$62
60,Lemair,Black Small Croissant Ba,$97
61,Essential,Gray 1977 Hoodi,$9
62,Rick Owens Drkshd,Black Jumbo Lace Abstract High Sneaker,$88
63,Justine Clenque,Silver & Gold Rachel Necklac,$18
64,Essential,Tan Cotton Short,$7
65,Off-Whit,Black Arthur Sunglasse,$31
66,Justine Clenque,Gold Liz Necklac,$8
67,Marine Serr,Pink Recycled Nylon T-Shir,$25
68,Essential,Grey Athletic Legging,$8
69,Luna Del Pina,Multicolor Stretch Weave Mini Skir,$29
70,Marc Jacob,Beige 'The Mini Summer Tote Bag' Tot,$25
71,ELLIS,SSENSE Exclusive Brown Recycled Polyester Mini Dres,$32
72,Chlo,Brown Woody Flat Mule,$37
73,Heron Presto,Black Cotton T-Shir,$21
74,Gil Rodrigue,Black Trinity Jumpsui,$14
75,Marland Backu,Silver Bows Necklac,$17
76,Balenciag,Beige Track Sneaker,$105
77,Acne Studio,Green Wool Sweate,$34
78,Palm Angel,Black Pool Slide,$14
79,Marc Jacobs Heave,Silver Mismatched 'Fuck' Earring,$11
80,Jacquemu,Green La Montagne 'Le Chiquito Moyen' Ba,$58
81,Essential,Taupe Thermal Waffle Logo Lounge Pant,$8
82,Pleats Please Issey Miyak,Black Polyester Short,$27
83,Palm Angel,Gray Cotton Lounge Pant,$57
84,Jacquemu,Pink La Montagne Croc 'Le Chiquito Long' Clutc,$56
85,Gucc,Blue Denim GG Platform Slide Sandal,$67
86,Saint Lauren,Taupe Small Quilted Loulou Shoulder Ba,$229
87,Heron Presto,Black Organic Cotton Short,$29
88,Marine Serr,Black Moon Tight,$20
89,forBitche,Pink Moulded Edition Bow Ba,$25
90,Convers,Black Run Star Hike Sneaker,$8
91, Marine Serr,Black Cotton Br,$17
92,Ottolinge,Navy Wrap Jean,$52
93,Essential,Beige Relaxed Crewneck Sweatshir,$8
94,We11don,Grey Logo Ca,$13
95,Essential,Green Relaxed Crewneck Sweatshir,$8
96,Essential,Beige Fleece Lounge Pant,$9
97,1XBLU,SSENSE Exclusive White Cotton Midi Dres,$24
98,Essential,Black '1977' Sweatshir,$8
99,Jacquemu,Pink La Montagne 'Le Grand Chiquito' Ba,$65
100,Essential,Taupe Cotton Sweatshir,$8
101,Jacquemu,Off-White La Montagne 'Le Bob Gadjo' Ha,$9
102,Essential,Off-White 1977 Sweatshir,$8
103,Essential,Tan Cotton Sweatshir,$8
104,Essential,Taupe Cotton Hoodi,$9
105,Essential,Taupe Cotton Lounge Pant,$9
106,Balenciag,White XS 'Le Cagole' Shoulder Ba,$250
107,Essential,Off-White Cotton Lounge Pant,$9
108,Jacquemu,Black 'Le Bob Gadjo' Beach Ha,$9
109,Essential,Gray Cotton Lounge Pant,$9
110,Akoi,SSENSE Exclusive Black Cover-Up Skir,$8
111,Jacquemu,Green 'Le Chiquito' Clutc,$47
112,ADER erro,Black & White Hoof Bomber Jacke,$106
113,Jacquemu,Yellow La Montagne 'Le Grand Chiquito' Top Handle Ba,$62
114,Essential, Tan Cotton T-Shir,$4
115,Essential,Beige '1977' Hoodi,$9
116,TOM FOR,Black Silk Satin Boxer Short,$19
117,Jacquemu,Orange La Montagne 'Le Grand Chiquito' Top Handle Ba,$57
118,TheOpen Produc,SSENSE Exclusive Off-White Wool Cardiga,$15
119,Balenciag,Black Small 'Le Cagole' Shoulder Ba,$260
120,ADER erro,Off-White Embroidered Heart Ca,$14
121,MISBH,Black Nylon Sport Short,$12
122,Gimagua,Brown Coco Tank To,$13
123,Essential,Tan Nylon Short,$7
124,ADER erro,White Obe Long T-Shir,$26
125,AGOLD,Blue Parker Long Denim Short,$14
126,AMI Alexandre Mattiuss,Blue Ami de Cœur T-Shir,$17
127,Marine Serr,Black Moon Tank To,$14
128,GANN,Black Organic Cotton T-Shir,$9
129,Justine Clenque,Silver Jackie Choke,$16
130,Luna Del Pina,Multicolor Stretch Weave Pol,$43
131,Essential,Taupe Nylon Short,$7
132,Gucc,Black GG Angelina Sandal,$67
133,MISBH,Black & White Polyester Camisol,$34
134,Lemair,Khaki Small Croissant Ba,$73
135,Carhartt Work In Progres,Black Medley Jean,$17
136,Essential,Tan Cotton Lounge Pant,$9
137,Jacquemu,SSENSE Exclusive Blue 'La Maille Pralù' Cardiga,$36
138,Jacquemu,Blue & Yellow 'Le Bob Artichaut' Ha,$8
139,forBitche,Blue Moulded Edition Butterfly Ba,$25
140,Golden Goos,White & Black Super-Star Classic Sneaker,$45
141,Marine Serr,Black Moon T-Shir,$33
142,Essential,Black Denim Shir,$12
143,Axel Arigat,Beige Magma Sandal,$16
144,Gimagua,White Esvenar Camisol,$12
145,Carhartt Work In Progres,Black Polyester Jacke,$15
146,Balenciag,Black XS 'Le Cagole' Shoulder Ba,$230
147,Marc Jacobs Heave,Multicolor Punk Playground Star Jean,$25
148,Essential,Green Fleece Raglan Hoodi,$9
149,Lemair,Brown Small Croissant Ba,$105
150,Laura Lombard,Gold Amorina Pendant Necklac,$17
151,Nik,Beige Waffle Trainer 2 Sneaker,$10
152,Jacquemu,Black 'Le T-Shirt Baci' T-Shir,$14
153,1XBLU,SSENSE Exclusive Orange Polyester T-Shir,$14
154,Golden Goos,White & Silver Super-Star Classic Sneaker,$47
155,Axel Arigat,SSENSE Exclusive Brown Marathon Dip-Dye Sneaker,$31
156,Jacquemu,Pink 'Le Bob Artichaut' Bucket Ha,$10
157,Essential,Off-White Cotton Lounge Pant,$9
158,Jacquemu,Beige La Montagne 'Le Short Arancia' Short,$14
159,Convers,Black Run Star Hike High Top Sneaker,$9
160,ARE,Black Cotton Short,$39
161,Nik,Multicolor Air Huarache Sneaker,$14
162,Jacquemu,Pink La Montagne 'Le Bambinou' Clutc,$73
163,Jacquemu,White 'La Robe Arles' Dres,$30
164,Nik,Orange W Air Presto Low-Top Sneaker,$16
165,AGOLD,Blue Ira Loose Denim Short,$15
166,Golden Goos,White & Brown Super-Star Classic Sneaker,$44
167,Chlo,Off-White & Black Small Woody Tot,$95
168,Nik,Blue & Black Waffle One Sneaker,$14
169,Jacquemu,Green La Montagne 'Le Chiquito Long' Clutc,$64
170,1XBLU,SSENSE Exclusive Green Polyester T-Shir,$14
171,Rick Owens Drkshd,Black Abstract High Sneaker,$81
172,Gimagua,Pink Isola Tank To,$12
173,Jacquemu,Black 'La Robe Bahia' Dres,$39
174,Justine Clenque,Silver Clara Choke,$16
175,AMI Alexandre Mattiuss,Beige Ami De Coeur T-Shir,$20
176,Essential,Beige '1977' Sweatshir,$8
177,TOM FOR,Blue Silk Short,$22
178,Axel Arigat,Orange Marathon Dip-Dye Sneaker,$30
179,Akoi,SSENSE Exclusive Brown Esme Midi Dres,$17
180,ISA BOULDE,SSENSE Exclusive White Bikin,$39
181,Essential,Gray Polyester Jacke,$15
182,FAL-AS,Pink Polyester Maxi Dres,$49
183,Paris Georgi,Green Triacetate Shir,$37
184,Justine Clenque,Silver & Gold Tori Earring,$8
185,Rick Owen,Black Jumbo Low Sneaker,$108
186,Justine Clenque,Silver Suzie Earring,$9
187,AMI Alexandre Mattiuss,Pink Ami de Cœur T-Shir,$200
188,Maison Margiel,Black Tabi Loafer,$94
189,Balenciag,Silver Loop Rin,$32
190,TOM FOR,Black Signature Tank To,$29
191,Vivienne Westwoo,Green Mini Archive Yasmine Ba,$43
192,Off-Whit,Black & White Vulcanized Sneaker,$33
193,Pushbutto,SSENSE Exclusive Pink Pleated Micro Short,$40
194,Vivienne Westwoo,Gold Francette Pendant Necklac,$24
195,Alexander McQuee,White & Blue Oversized Sneaker,$58
196,Carhartt Work In Progres,Blue Cotton Overall,$22
197,FAL-AS,Black Cotton Mini Skir,$34
198,Versace Jeans Coutur,Black & Gold Garland Logo Sandal,$17
199,Off-Whit,White Out Of Office 'For Walking' Sneaker,$60
200,Pleats Please Issey Miyak,Khaki Polyester Midi Dres,$41
201,Acne Studio,Brown Cotton Cardiga,$63
202,Marc Jacob,Green 'The Mesh Small Tote Bag' Tot,$25
203,Justine Clenque,Silver & Gold Molly Necklac,$15
204,I'm Sorry by Petra Collin,SSENSE Exclusive Pink Dean T-Shir,$9
205,Marine Serr,Black Moon Legging,$45
206,Nik,Purple Air Max Pre-Day Sneaker,$18
207,Jacquemu,White 'Le Grand Chiquito' Top Handle Ba,$86
208,Chlo,Off-White Woody Flat Mule,$47
209,Marn,Blue Fussbett Sabot Loafer,$71
210,alexanderwang.,Black Polyester T-Shir,$29
211,Versace Jeans Coutur,Black Regalia Baroque Jumpsui,$37
212,Ottolinge,Multicolor Recycled Polyester Legging,$34
213,Gimagua,SSENSE Exclusive Pink & Purple One-Shoulder Dres,$27
214,Jacquemu,Beige 'Le Chiquito' Clutc,$62
215,Essential,Black Relaxed '1977' Lounge Pant,$9
216, New Balanc,Grey Made in US 990 v5 Sneaker,$18
217,Bottega Venet,Green Puddle Boot,$65
218,Loew,Navy Embroidered	Anagram Sweatshir,$69
219,The Ro,Taupe Suede Zipped 1 Boot,$149
220,Essential,Green Nylon Short,$7
221,forBitche,Pink Molded Flip Flop,$12
222,Golden Goos,White Purestar Leather Sneaker,$43
223,Essential,Grey Logo Lounge Pant,$8
224,Emily Watso,Black Amphitrite Trouser,$26
225,Gimagua,Pink Coco Tank To,$13
226,Maison Margiel,Blue Slit Jean,$69
227,Palm Angel,Pink Pool Slide,$14
228,Rick Owens Drkshd,Black License Plate High Sneaker,$71
229,Jacquemu,Orange 'Le Bob Gadjo' Bucket Ha,$11
230,Acne Studio,Blue Cotton Cardiga,$51
231,Akoi,Brown Cotton Mini Dres,$18
232,GANN,Black Organic Cotton T-Shir,$9
233,ADER erro,Off-White Cotton T-Shir,$15
234,Balmai,Black Cotton Tank To,$31
235,Y-,Black Recycled Nylon Bikin,$13
236,Jacquemu,Beige 'La Robe Arles' Dres,$30
237,COTTON CITIZE,Black Capri Tank To,$15
238,Al,Black Nylon Sport Legging,$13
239,Marc Jacobs Heave,Red Cotton Long Sleeve T-Shir,$11
240,ADER erro,Off-White Embroidered Heart Ca,$14
241,MISBH,Black Nylon Sport Short,$12
242,Gimagua,Brown Coco Tank To,$13
243,Essential,Tan Nylon Short,$7
244,ADER erro,White Obe Long T-Shir,$26
245,AGOLD,Blue Parker Long Denim Short,$14
246,AMI Alexandre Mattiuss,Blue Ami de Cœur T-Shir,$17
247,Marine Serr,Black Moon Tank To,$14
248,GANN,Black Organic Cotton T-Shir,$9
249,Justine Clenque,Silver Jackie Choke,$16
250,Luna Del Pina,Multicolor Stretch Weave Pol,$43
251,Essential,Taupe Nylon Short,$7
252,Gucc,Black GG Angelina Sandal,$67
253,MISBH,Black & White Polyester Camisol,$34
254,Lemair,Khaki Small Croissant Ba,$73
255,Carhartt Work In Progres,Black Medley Jean,$17
256,Essential,Tan Cotton Lounge Pant,$9
257,Jacquemu,SSENSE Exclusive Blue 'La Maille Pralù' Cardiga,$36
258,Jacquemu,Blue & Yellow 'Le Bob Artichaut' Ha,$8
259,forBitche, Blue Moulded Edition Butterfly Ba,$25
260,Golden Goos,White & Black Super-Star Classic Sneaker,$45
261,Marine Serr,Black Moon T-Shir,$33
262,Essential,Black Denim Shir,$12
263,Axel Arigat,Beige Magma Sandal,$16
264,Gimagua,White Esvenar Camisol,$12
265,Carhartt Work In Progres,Black Polyester Jacke,$15
266,Balenciag,Black XS 'Le Cagole' Shoulder Ba,$230
267,Marc Jacobs Heave,Multicolor Punk Playground Star Jean,$25
268,Essential,Green Fleece Raglan Hoodi,$9
269,Lemair,Brown Small Croissant Ba,$105
270,Laura Lombard,Gold Amorina Pendant Necklac,$17
271,Nik,Beige Waffle Trainer 2 Sneaker,$10
272,Jacquemu,Black 'Le T-Shirt Baci' T-Shir,$14
273,1XBLU,SSENSE Exclusive Orange Polyester T-Shir,$14
274,Golden Goos,White & Silver Super-Star Classic Sneaker,$47
275,Axel Arigat,SSENSE Exclusive Brown Marathon Dip-Dye Sneaker,$31
276,Jacquemu,Pink 'Le Bob Artichaut' Bucket Ha,$10
277,Essential,Off-White Cotton Lounge Pant,$9
278,Jacquemu,Beige La Montagne 'Le Short Arancia' Short,$14
279,Convers,Black Run Star Hike High Top Sneaker,$9
280,ARE,Black Cotton Short,$39
281,Nik,Multicolor Air Huarache Sneaker,$14
282,Jacquemu,Pink La Montagne 'Le Bambinou' Clutc,$73
283,Jacquemu,White 'La Robe Arles' Dres,$30
284,Nik,Orange W Air Presto Low-Top Sneaker,$16
285,AGOLD,Blue Ira Loose Denim Short,$15
286,Golden Goos,White & Brown Super-Star Classic Sneaker,$44
287,Chlo,Off-White & Black Small Woody Tot,$95
288,Nik,Blue & Black Waffle One Sneaker,$14
289,Jacquemu,Green La Montagne 'Le Chiquito Long' Clutc,$64
290,1XBLU,SSENSE Exclusive Green Polyester T-Shir,$14
291,Rick Owens Drkshd,Black Abstract High Sneaker,$81
292,Gimagua,Pink Isola Tank To,$12
293,Jacquemu,Black 'La Robe Bahia' Dres,$39
294,Justine Clenque,Silver Clara Choke,$16
295,AMI Alexandre Mattiuss,Beige Ami De Coeur T-Shir,$20
296,Essential,Beige '1977' Sweatshir,$8
297,TOM FOR,Blue Silk Short,$22
298,Axel Arigat,Orange Marathon Dip-Dye Sneaker,$30
299,Akoi,SSENSE Exclusive Brown Esme Midi Dres,$17
300,ISA BOULDE,SSENSE Exclusive White Bikin,$39
301,Essential,Gray Polyester Jacke,$15
302,FAL-AS,Pink Polyester Maxi Dres,$49
303,Paris Georgi,Green Triacetate Shir,$37
304,Justine Clenque,Silver & Gold Tori Earring,$8
305,Rick Owen,Black Jumbo Low Sneaker,$108
306,Justine Clenque,Silver Suzie Earring,$9
307,AMI Alexandre Mattiuss,Pink Ami de Cœur T-Shir,$20
308,Maison Margiel,Black Tabi Loafer,$94
309,Balenciag,Silver Loop Rin,$32
310,TOM FOR,Black Signature Tank To,$29
311,Vivienne Westwoo,Green Mini Archive Yasmine Ba,$43
312,Off-Whit,Black & White Vulcanized Sneaker,$33
313,Pushbutto,SSENSE Exclusive Pink Pleated Micro Short,$40
314,Vivienne Westwoo,Gold Francette Pendant Necklac,$24
315,Alexander McQuee,White & Blue Oversized Sneaker,$58
316,Carhartt Work In Progres,Blue Cotton Overall,$22
317,FAL-AS,Black Cotton Mini Skir, $34
318,Versace Jeans Coutur,Black & Gold Garland Logo Sandal,$17
319,Off-Whit,White Out Of Office 'For Walking' Sneaker,$60
320,Pleats Please Issey Miyak,Khaki Polyester Midi Dres,$41
321,Acne Studio,Brown Cotton Cardiga,$63
322,Marc Jacob,Green 'The Mesh Small Tote Bag' Tot,$25
323,Justine Clenque,Silver & Gold Molly Necklac,$15
324,I'm Sorry by Petra Collin,SSENSE Exclusive Pink Dean T-Shir,$9
325,Marine Serr,Black Moon Legging,$45
326,Nik,Purple Air Max Pre-Day Sneaker,$18
327,Jacquemu,White 'Le Grand Chiquito' Top Handle Ba,$86
328,Chlo,Off-White Woody Flat Mule,$47
329,Marn,Blue Fussbett Sabot Loafer,$71
330,alexanderwang.,Black Polyester T-Shir,$29
331,Versace Jeans Coutur,Black Regalia Baroque Jumpsui,$37
332,Ottolinge,Multicolor Recycled Polyester Legging,$34
333,Gimagua,SSENSE Exclusive Pink & Purple One-Shoulder Dres,$27
334,Jacquemu,Beige 'Le Chiquito' Clutc,$62
335,Essential,Black Relaxed '1977' Lounge Pant,$9
336,New Balanc,Grey Made in US 990 v5 Sneaker,$18
337,Bottega Venet,Green Puddle Boot,$65
338,Loew,Navy Embroidered	Anagram Sweatshir,$69
339,The Ro,Taupe Suede Zipped 1 Boot,$149
340,Essential,Green Nylon Short,$7
341,forBitche,Pink Molded Flip Flop,$12
342,Golden Goos,White Purestar Leather Sneaker,$43
343,Essential,Grey Logo Lounge Pant,$8
344,Emily Watso,Black Amphitrite Trouser,$26
345,Gimagua,Pink Coco Tank To,$13
346,Maison Margiel,Blue Slit Jean,$69
347,Palm Angel,Pink Pool Slide,$14
348,Rick Owens Drkshd,Black License Plate High Sneaker,$71
349,Jacquemu,Orange 'Le Bob Gadjo' Bucket Ha,$11
350,Acne Studio,Blue Cotton Cardiga,$51
351,Akoi,Brown Cotton Mini Dres,$18
352,GANN,Black Organic Cotton T-Shir,$9
353,ADER erro,Off-White Cotton T-Shir,$15
354,Balmai,Black Cotton Tank To,$31
355,Y-,Black Recycled Nylon Bikin,$13
356,Jacquemu,Beige 'La Robe Arles' Dres,$30
357,COTTON CITIZE,Black Capri Tank To,$15
358,Al,Black Nylon Sport Legging,$13
359,Marc Jacobs Heave,Red Cotton Long Sleeve T-Shir,$11
360,Carhartt Work In Progres,Blue Organic Cotton Overall,$17
361,Y/Projec,White Fila Edition Cotton Tank To,$16
362,GANN,Multicolor Cotton Bikini To,$18
363,COTTON CITIZEN,Pink Capri Cardiga,$17
364,AMI Alexandre Mattiuss,White Ami de Cœur T-Shir,$13
365,Pushbutto,SSENSE Exclusive White Pleated Micro Short,$40
366,Essential,Green 1/2 Zip Pullover Sweatshir,$12
367,Off-Whit,Black Virgil Sunglasse,$31
368,Alexander Wan,Pink Marquess Micro Ba,$49
369,Essential,Black Nylon Short,$7
370,Gucc,Beige Canvas GG Espadrille Sandal,$54
371,Jacquemu,Blue La Montagne Croc 'Le Chiquito Long' Clutc,$62
372,We11don,White Cotton Long Sleeve T-Shir,$46
373,Nik,Beige Polyester Jacke,$14
374,Dion Le,White Organic Cotton Tank To,$25
375,Bottega Venet,White Loop Shoulder Ba,$125
376,Bottega Venet,Orange Cassette Shoulder Ba,$89
377,Louisa Ballo,Green Cotton Shir,$29
378,Jean Paul Gaultie,SSENSE Exclusive Brown Tulle Turtlenec,$36
379,Carhartt Work In Progres,Black Cotton Overall,$20
380,Jacquemu,SSENSE Exclusive Blue 'La Maille Pralù' Cardiga,$30
381,Heron Presto,Black & Brown Nylon Sport To,$40
382,HUGO KREI,Blue Bow Earring,$26
383,alexanderwang.,White Polyester Dres,$32
384,Meliss,Pink Airbubble Platform Sandal,$12
385,VETEMENT,Black Logo Monogram Tight,$19
386,Gucc,Brown GG Tennis Sneaker,$65
387,GANN,Navy Recycled Polyester Lounge Pant,$25
388,Lemair,Brown Small Croissant Ba,$97
389,Loew,Beige Paula's Ibiza Dive In Mask Sunglasse,$38
390,Off-Whit,White Stamp Logo Basic Rowing Ribbed Tank To,$26
391,We11don,Black Logo Ca,$13
392,Akoi,Off-White Cotton T-Shir,$8
393,Convers,Blue Chuck 70 Utility Hi Sneaker,$14
394,Rick Owens Drkshd,Black License Plate Low Sneaker,$60
395,Bottega Venet,Green Mini Cassette Shoulder Ba,$89
396,Vivienne Westwoo,Silver Pina Orb Earring,$23
397,Shushu/Ton,SSENSE Exclusive Black Qipao Dres,$75
398,Alexander Wan,Black Dahlia Heeled Sandal,$45
399,Gimagua,Beige Linen Trouser,$18
400,Febe,SSENSE Exclusive Black Polyester Blous,$59
401,Alexander Wan,Blue Cotton Hoodi,$45
402,Gucc,Beige & Off-White Mini GG Supreme Tot,$135
403,Pleats Please Issey Miyak,Navy Monthly Colors March Trouser,$44
404,1XBLU,SSENSE Exclusive Pink Anime Trouser,$24
405,Agent Provocateu,Black Anja One-Piece Swimsui,$40
406,MISBH,Pink Nylon Sport Short,$12
407,Saint Lauren,Beige Envelope Shoulder Ba,$169
408,Saint Lauren,Off-White Medium Sunset Shoulder Ba,$239
409,Birkenstoc,Black Super-Birki Clog,$9
410,forBitche,Black Moulded Edition Bow Ba,$25
411,ADER erro,White Cotton T-Shir,$15
412,Lemair,Black Molded Tacco Ba,$112
413,Marc Jacobs Heave,Purple Pointelle Mini Dres,$29
414,Jacquemu,Pink 'La Maille Neve' Cardiga,$27
415,Ottolinge,White Wrap Jean,$52
416,Versac,Green Medusa Aevitas Platform Heel,$142
417,Balenciag,Silver & Crystal BB XS Earring,$37
418,Maison Margiel,SSENSE Exclusive Brown Ankle Strap Tabi Heel,$83
419,1XBLU,SSENSE Exclusive White Cotton Cardiga,$14
420,Golden Goos,White & Grey Mid Star Classic Sneaker,$56
421,Luna Del Pina,Black Stretch Weave Pol,$41
422,Nanushk,Orange Floral Bente Bikini Botto,$16
423,ARE,Off-White Polyester Mini Skir,$79
424,Ottolinge,SSENSE Exclusive Black Wrap Jean,$56
425,Balenciag,Beige Hourglass Shoulder Ba,$145
426,Rick Owens Drkshd,Off-White Converse Edition DRKSTAR OX Sneaker,$16
427,Convers,Multicolor Come Tees Edition Chuck 70 High Top Sneaker,$11
428,Thom Brown,Grey Classic Hoodi,$78
429,Ottolinge,White Otto Br,$24
430,Maison Margiel,Tan Tabi Ballerina Flat,$65
431,FAL-AS,Red & Pink Feather Hoop Shoulder Ba,$29
432,Balmai,White Cotton Tank To,$31
433,Essential,Black Logo Sweat Lounge Pant,$9
434,GANN,Khaki City Slipper,$25
435,Golden Goos,Glitter Superstar Sneaker,$53
436,Gucc,White Embroidered Bee Ace Sneaker,$74
437,Carhartt Work In Progres,Black Collins Trouser,$12
438,Belle The Labe,SSENSE Exclusive Green Oracle/Bare Bikini Se,$24
439,Undercove,Black Cotton T-Shir,$13
440,AMI Alexandre Mattiuss,Beige Virgin Wool Ami de Cœur Sweate,$52
441,Miao,Grey Elektra Mini Skir,$9
442,Versace Underwea,Red Greca Border Sports Br,$7
443,Dion Le,Black Cotton Tank To,$37
444,Loew,Beige & Tan Ballet Runner Sneaker,$65
445,Vivienne Westwoo,Gold Anglo Orb Earring,$21
446,Rick Owens Drkshd,Grey Jumbo Lace Sneaker,$64
447,Miao,White Recycled Polyester T-Shir,$9
448,Essential,Khaki Polyester Hoodi,$15
449,MISBH,Grey Polyester Jacquard Short,$32
450,Versace Jeans Coutur,Black Cropped Iridescent Logo T-Shir,$17
451,Alexander Wan,Grey Long Sleeve T-Shir,$29
452,Versace Jeans Coutur,Black Mallory Sandal,$27
453,Kiju,Black & White Triangle Chess Camisol,$39
454,Ottolinge,Black Viscose Maxi Dres,$103
455,Jil Sande,Off-White Logo T-Shir,$33
456,LOW CLASSI,Blue Straight-Leg Jean,$22
457,Essential,Green Knit Hoodi,$13
458,Nicole Saldañ,SSENSE Exclusive Black Fabiana Ballerina Flat,$41
459,Jacquemu,White 'La Robe Bahia' Dres,$41
460,Saint Lauren,White Small Loulou Puffer Pouc,$94
461,Ottolinge,Orange & Green Recycled Polyester Mini Dres,$36
462,Gimagua,Pink Linen Trouser,$18
463,Maison Margiel,Black Tabi Loafer,$90
464,Gucc,Black Web Interlocking G Loafer,$88
465,Marn,Orange Pablo Sneaker,$79
466,GANN,Black Mini Crossbody Shoulder Ba,$16
467,Jacquemus,White 'Le T-Shirt Baci' T-Shir,$21
468,Asic,Black & Grey Gel-Kayano 14 Sneaker,$15
469,Marc Jacobs Heave,Multicolor Candy Necklac,$12
470,Jacquemu,Blue 'Le Bob Artichaut' Bucket Ha,$13
471,Gimagua, SSENSE Exclusive Brown & Yellow One-Shoulder Tank To,$21
472,ADER erro,Gray Cotton Sweatshir,$32
473,Chlo,Off-White Large Cotton Woody Tot, $105
474,Jean Paul Gaultie,SSENSE Exclusive Multicolor Tulle Long Sleeve T-Shir,$36
475,Vivienne Westwoo,Gold Pina Orb Earring,$23
476,Essential,Black Polyester Hoodi,$15
477,Saint Lauren,Black Opyum 110 Heeled Sandal,$99
478,Balenciag,Silver Hourglass Shoulder Ba,$135
479,Carhartt Work In Progres,Black Philis Backpac,$12
480,Vivienne Westwoo,Pearl Bas Relief Necklac,$56
481,Maison Margiel,Black Tabi Mary Jane Oxford,$88
482,Vivienne Westwoo,Silver Vendome Rin,$10
483,Marc Jacobs Heave,Silver 'Fuck' Jewel Necklac,$17
484,Comme des Garçons Pla,Black Converse Edition Half Heart Chuck 70 High Sneaker,$18
485,Jacquemu,Pink 'La Maille Pralù' Cardiga,$34
486,GANN,Off-White Organic Cotton Long Sleeve T-Shir,$16
487,AMIR,Black Logo Pool Slide,$21
488,alexanderwang.,Pink Boxer Short,$25
489,Vaillant Studi,Off-White Cotton Brief,$17
490,Off-Whit,Black Style 1 Glasse,$22
491,Balmai,Pink Nylon Legging,$31
492,ADER erro,Yellow Cotton Sweatshir,$32
493,Marc Jacob,Yellow 'The Mesh Tote Bag' Tot,$27
494,ISA BOULDE,Purple & Green Rayon Mini Dres,$52
495,1XBLU,SSENSE Exclusive White Cotton Mini Skir,$12
496,Jacquemu,Off-White 'Le Cardigan Alzou' Cardiga,$22
497,Axel Arigat,Pink Marathon Dip-Dye Sneaker,$30
498,Essential,Tan Cotton Sweatshir,$8
499,MISBH,Black Recycled Nylon Sport To,$14
500,We11don,Pink Cotton Long Sleeve T-Shir,$39
501,Gucc,Brown & Beige Super Mini Dionysus Jumbo GG Shoulder Ba,$97
502,FARI,Gold Lava Rin,$9
503,Ottolinge,Brown & Black Recycled Polyester Maxi Dres,$46
504,Akoi,Off-White Cotton Lounge Pant,$18
505,Essential,Khaki Polyester Jacke,$15
506,MISBH,Black Viscose Flocked Midi Skir,$32
507,Gimagua,Brown Mio Mini Dres,$10
508,Justine Clenque,Black Uma Loafer,$31
509,Saint Lauren,Black Uptown Shoulder Ba,$125
510,Essential,Taupe Cotton Sweatshir,$7
511,Marine Serr,Black Minifit T-Shir,$17
512,Axel Arigat,White & Silver Marathon Sneaker,$29
513,Emily Watso,Black Nylon Tankini To,$22
514,Alexander McQuee,White & Black Oversized Sneaker,$58
515,Essential,SSENSE Exclusive Beige Mock Neck Sweatshir,$8
516,Rick Owens Drkshd,Grey Abstract High-Top Sneaker,$88
517,Jacquemu,Green 'Le Chiquito Moyen' Ba,$78
518,Versace Jeans Coutur,Purple Small Logo Lock Ba,$19
519,Essential,Green Track Lounge Pant,$10
520,ADER erro,Off-White Cotton Sweater,$48
521,TOM FOR,Black Nylon Legging,$35
522,ADER erro,Green Twin Heart Hoodi,$39
523,Meliss,Pink Free Platform Sandal,$9
524,Stella McCartne,Black Stellawear Legging,$34
525,Saint Lauren,Black Monogram Card Holde,$29
526,Jacquemu,Blue La Montagne 'La Robe Arles' Dres,$54
527,Bottega Venet,Black Viscose Mini Dres,$200
528,Essential,Tan Nylon Track Pant,$13
529,Danielle Guizi,Black Archangel Swirl T-Shir,$24
530,MISBH,Silver 'The M' Necklac,$15
531,AMI Alexandre Mattiuss,Navy Ami de Cœur Sweatshir,$26
532,Alexander McQuee,Black Tread Slick Sneaker,$69
533,Justine Clenque,Silver Laura Choke,$9
534,Carhartt Work In Progres,Black Mosby Script Lounge Pant,$13
535,KNWL,Brown Lyocell Bustie,$47
536,Pleats Please Issey Miyak,Black Polyester Trouser,$43
537,Jacquemu,White La Montange 'Le Bambino' Clutc,$67
538,Atlei,White Viscose Midi Dres,$89
539,Gucc,Beige & Navy GG Angelina Sandal,$69
540,forBitche,Black Molded Flip Flop,$12
541,AMI Alexandre Mattiuss,Black Ami De Coeur T-Shir,$13
542,ISA BOULDE,Navy & Green Argyle Sleeve,$23
543,Dries Van Note,Multicolor Nylon One-Piece Swimsui,$46
544,Nik,Black Dunk Hi 1985 Sneaker,$13
545,Acne Studio,Grey Wool Cardiga,$35
546,AGOLD,Grey & White 90s Pinch Waist Straight Jean,$32
547,MISBH,Red Nylon To,$29
548,Luna Del Pina,Off-White Stretch Weave Mini Skir,$28
549,Chopova Lowen,Red Wool Miniskir,$135
550,Golden Goos,White & Grey Super-Star Classic Sneaker,$45
551,TOM FOR,Black Triangle Br,$19
552,AMI Alexandre Mattiuss,Grey Virgin Wool Ami de Cœur Sweate,$52
553,Alexander McQuee,White & Grey Oversized Sneaker,$58
554,Suicok,Black CAPPO Slipper,$14
555,Rick Owen,Black Spider Ziggy Maxi Dres,$101
556,Gucc,Blue & Beige Mini Ophidia Shoulder Ba,$95
557,Gimagua,White Maam Blous,$8
558,Vivienne Westwoo,Silver Bas Relief Logo Necklac,$28
559,Pushbutto,SSENSE Exclusive Black Pleated Micro Short,$40
560,Alexander Wan,Black Safari Short,$49
561,Vivienne Westwoo,Gold Heart Orb Bandita Ring Se,$25
562,Saint Lauren,Black Medium Sunset Shoulder Ba,$239
563,Marc Jacob,Black 'The Snapshot DTM' Shoulder Ba,$32
564,Gimagua,White Isola Midi Skir,$14
565,Vivienne Westwoo,Silver Grace Bas Relief Earring,$17
566,Akoi,SSENSE Exclusive Pink Cover-Up Dres,$16
567,Jacquemu,Green 'Le Chiquito Nœud' Ba,$72
568,Rick Owen,Black Nylon Tank To,$91
569,Acne Studio,Black Canvas Slip-On Sneaker,$28
570,Jacquemu,Off-White 'La Robe Limao' Mini Dres,$41
571,Loew,Black Embroidered Anagram Sweatshir,$69
572,We11don,White Front Logo Sweatshir,$23
573,alexanderwang.,White Polyester Tank To,$26
574,Nik,Grey & Green Space Hippie 04 Sneaker,$15
575,Miist,Black Lois Boot,$53
576,Meliss,Black Free Platform Sandal,$10
577,Ottolinge,Black Cotton Maxi Dres,$39
578,Essential,Beige Relaxed Lounge Pant,$9
579,Bottega Venet,Green Polyester Turtlenec,$130
580,forBitche,Green SSENSE Exclusive Moulded Edition Bow Ba,$25
581,Lemair,Black Molded Tacco Ba,$91
582,We11don,Grey Denim Jacke,$49
583,ADER erro,Gray Wool Blaze,$77
584,Essential,SSENSE Exclusive Green Fleece Lounge Pant,$95
585,Akoi,SSENSE Exclusive Beige Camisol,$9
586,Maison Margiel,Brown Small 5AC Ba,$149
587,Jacquemu,Green La Montagne 'Le Chiquito Nœud' Ba,$66
588,Justine Clenque,Silver Tori Choke,$26
589,Nik,Blue Air Force 1 Sculpt Sneaker,$14
590,alexanderwang.,Black Bodycon Dres,$37
591,FAL-AS,Multicolor Nylon Mini Skir,$27
592,Loew,Off-White Ballet Runner Sneaker,$59
593,Balenciag,White Track Sneaker,$105
594,Danielle Guizi,Black Polyester Mini Skir,$20
595,Balenciag,Off-White Unity T-Shir,$49
596,Jacquemu,SSENSE Exclusive Blue 'Le Bob Gadjo' Beach Ha,$12
597,Ksub,Black Playback Jean,$21
598,Jacquemu,Beige La Montagne 'Le T-Shirt Randonnee' T-Shir,$16
599,Convers,Green Run Star Hike Hi Sneaker,$11
600,Jacquemu,Black 'La Maille Pralù' Cardiga,$36
601,Maison Margiel,Black Tabi Sock Ankle Boot,$87
602,Dion Le,White Cotton Mini Dres,$65
603,MISBH,Pink Nylon T-Shir,$14
604,GANN,Black Recycled Suit Mini Skir,$18
605,Essential,Taupe Track Lounge Pant,$10
606,Akoi,SSENSE Exclusive Black Cover-Up Dres,$16
607,Moose Knuckles x Eckhaus Latt,Black Convertible Trouser,$39
608,Palm Angel,Beige Cotton T-Shir,$25
609,Birkenstoc,Black A 630 Clog,$10
610,Loew,Beige Anagram Small Basket Tot,$69
611,Alexander Wan,Black AW Flip Flop Sandal,$12
612,Justine Clenque,Silver Alan Necklac,$16
613,Givench,Black Marshmallow Heeled Sandal,$45
614,Eckhaus Latt,Brown & Orange Lapped Baby Turtlenec,$19
615,Essential,Black 1/2 Zip Pullover Sweatshir,$11
616,Bottega Venet,Orange Cotton Rob,$70
617,Maison Margiel,White & Beige Replica Sneaker,$59
618,MISBH,SSENSE Exclusive Blue Nylon Sport Br,$7
619,Comme des Garçons Pla, Black Converse Edition Half Heart Chuck 70 Low Sneaker,$18
620,We11don,Black Cotton Pol,$53
621,Vivienne Westwoo,Gold Inass Earring,$19
622,Suicok,Off-White AKK-ab Sneaker,$26
623,Loew,Beige Square Small Basket Tot,$69
624,We11don,Front Logo Fleece Sweatshir,$29
625,Golden Goos,SSENSE Exclusive White Super-Star Sneaker,$47
626,AGOLD,Off-White Priya Tank To,$9
627,AGOLD,Blue Dee Denim Short,$14
628,Marc Jacobs Heave,Blue Cloud Love Mini Dres,$42
629,Essential,Taupe Cotton Lounge Pant,$9
630,PANGAI,Green 365 Hoodi,$15
631,Acne Studio,Black Ballow Tumbled Low Sneaker,$29
632,Valentine Witmeur La,Blue Squeamish Pol,$28
633,Bottega Venet,Green Intreccio Tech Cassette Shoulder Ba,$160
634,Andersson Bel,SSENSE Exclusive Blue Jade Jean,$27
635,TOM FOR,Black Logo Bandea,$19
636,ISA BOULDE,Blue Bodywave Mini Skir,$37
637,TheOpen Produc,SSENSE Exclusive Green Wool Cardiga,$15
638,Marine Serr,White Fishnet Moon To,$23
639,Essential,Khaki Polyester Lounge Pant,$13
640,Justine Clenque,Silver Mark Necklac,$12
641,Acne Studio,Beige Wool Sweate,$34
642,Studio Nicholso,Beige Cotton Trouser,$355
643,I'm Sorry by Petra Collin,SSENSE Exclusive Silver & Pink JIWINAIA Edition Split Necklac,$15
644,Kiko Kostadino, Black Trivia Shoulder Ba,$66
645,Rick Owen,Black Stocking Sneaker Boot,$181
646,Balmai,White B-Army Shoulder Ba,$105
647,Miao,Purple Micro Mini Skir,$15
648,I'm Sorry by Petra Collin,SSENSE Exclusive Pink Petra Skor,$13
649,Vivienne Westwoo,Gold Lorelai Stud Earring,$9
650,Gucc,Off-White Vintage Logo Rhyton Sneaker,$96
651,Rose Murdoc,SSENSE Exclusive Multicolor Lily Heaven Jacke,$38
652,KNWL,Black Silk Midi Skir,$93
653,Justine Clenque,Silver Charly Choke,$13
654,Saint Lauren,Black Quilted Loulou Shoulder Ba,$159
655,Essential,Black Nylon Track Pant,$13
656,Gucc,Off-White MIni GG Ophidia Shoulder Ba,$95
657,Gucc,Brown GG Marmont Matelassé Leather Ba,$115
658,ADER erro,Off-White Embroidered Logo Ca,$12
659,The Garmen,Off-White Antibes Maxi Skir,$19
660,Carhartt Work In Progres,Blue Organic Cotton Overall,$17
661,Y/Projec,White Fila Edition Cotton Tank To,$16
662,GANN,Multicolor Cotton Bikini To,$18
663,COTTON CITIZE,Pink Capri Cardiga,$17
664,AMI Alexandre Mattiuss,White Ami de Cœur T-Shir,$13
665,Pushbutto,SSENSE Exclusive White Pleated Micro Short,$40
666,Essential,Green 1/2 Zip Pullover Sweatshir,$12
667,Off-Whit,Black Virgil Sunglasse,$31
668,Alexander Wan,Pink Marquess Micro Ba,$49
669,Essential,Black Nylon Short,$7
670,Gucc,Beige Canvas GG Espadrille Sandal,$54
671,Jacquemu,Blue La Montagne Croc 'Le Chiquito Long' Clutc,$62
672,We11don,White Cotton Long Sleeve T-Shir,$46
673,Nik,Beige Polyester Jacke,$14
674,Dion Le,White Organic Cotton Tank To,$25
675,Bottega Venet,White Loop Shoulder Ba,$125
676,Bottega Venet,Orange Cassette Shoulder Ba,$89
677,Louisa Ballo,Green Cotton Shir,$29
678,Jean Paul Gaultie,SSENSE Exclusive Brown Tulle Turtlenec,$36
679,Carhartt Work In Progres,Black Cotton Overall,$20
680,Jacquemu,SSENSE Exclusive Blue 'La Maille Pralù' Cardiga,$30
681,Heron Presto,Black & Brown Nylon Sport To,$40
682,HUGO KREI,Blue Bow Earring,$26
683,alexanderwang.,White Polyester Dres,$32
684,Meliss,Pink Airbubble Platform Sandal,$12
685,VETEMENT,Black Logo Monogram Tight,$19
686,Gucc,Brown GG Tennis Sneaker,$65
687,GANN,Navy Recycled Polyester Lounge Pant,$25
688,Lemair,Brown Small Croissant Ba,$97
689,Loew,Beige Paula's Ibiza Dive In Mask Sunglasse,$38
690,Off-Whit,White Stamp Logo Basic Rowing Ribbed Tank To,$26
691,We11don,Black Logo Ca,$13
692,Akoi,Off-White Cotton T-Shir,$8
693,Convers,Blue Chuck 70 Utility Hi Sneaker,$14
694,Rick Owens Drkshd,Black License Plate Low Sneaker,$60
695,Bottega Venet,Green Mini Cassette Shoulder Ba,$89
696,Vivienne Westwoo,Silver Pina Orb Earring,$23
697,Shushu/Ton,SSENSE Exclusive Black Qipao Dres,$75
698,Alexander Wan,Black Dahlia Heeled Sandal,$45
699,Gimagua,Beige Linen Trouser,$18
700,Febe,SSENSE Exclusive Black Polyester Blous,$59
701,Alexander Wan,Blue Cotton Hoodi,$45
702,Gucc,Beige & Off-White Mini GG Supreme Tot,$135
703,Pleats Please Issey Miyak,Navy Monthly Colors March Trouser,$44
704,1XBLU,SSENSE Exclusive Pink Anime Trouser,$24
705,Agent Provocateu,Black Anja One-Piece Swimsui,$40
706,MISBH,Pink Nylon Sport Short,$12
707,Saint Lauren,Beige Envelope Shoulder Ba,$169
708,Saint Lauren,Off-White Medium Sunset Shoulder Ba,$239
709,Birkenstoc,Black Super-Birki Clog,$9
710,forBitche,Black Moulded Edition Bow Ba,$25
711,ADER erro,White Cotton T-Shir,$15
712,Lemair,Black Molded Tacco Ba,$112
713,Marc Jacobs Heave,Purple Pointelle Mini Dres,$29
714,Jacquemu,Pink 'La Maille Neve' Cardiga,$27
715,Ottolinge,White Wrap Jean,$52
716,Versac,Green Medusa Aevitas Platform Heel,$142
717,Balenciag,Silver & Crystal BB XS Earring,$37
718,Maison Margiel,SSENSE Exclusive Brown Ankle Strap Tabi Heel,$83
719,1XBLU,SSENSE Exclusive White Cotton Cardiga,$14
720,Jacquemu,Pink 'La Maille Marubia' Camisol,$18
721,Shushu/Ton,Black Round Toe High Heel,$76
722,Febe,SSENSE Exclusive Large Azebs Tot,$64
723,Vivienne Westwoo,Off-White Spray Orb T-Shir,$16
724,ELLIS,Multicolor Handsy Midi Skir,$27
725,Balmai,Black Lurex Bodysui,$40
726,Heron Presto,Black Cotton T-Shir,$23
727,Sportma,Tan Slim Flare Trouser,$57
728,Chlo,Black Betty Boot,$52
729,Gimagua,SSENSE Exclusive Green Mini Dres,$14
730,Chlo,Beige Kamy Platform Sandal,$87
731,Loew,Beige Basket Tot,$49
732,Saint Lauren,Beige East West Shopping Tot,$115
733,Rick Owen,Brown Seb Blous,$67
734,Gucc,Blue Rubber Sandal,$65
735,MISBH,Black & Beige Monogram Spaghetti Mini Dres,$39
736,Pleats Please Issey Miyak,Pink Monthly Colors March Midi Dres,$49
737,Marc Jacobs Heave,Blue Charm Sweate,$25
738,Pleats Please Issey Miyak,Purple Monthly Colors November Trouser,$37
739,We11don,Black Acrylic Sweate,$26
740,Alexander McQuee,White & Purple Oversized Sneaker,$58
741,We11don,Black Wool Knit Logo Lounge Pant,$37
742,Dion Le,Black Cotton Corse,$41
743,Essential,Black Velour Lounge Pant,$9
744,Jil Sande,Black Calfskin Small Shoulder Ba,$125
745,Miao,Black Ryder Trouser,$14
746,Collina Strad,Yellow Gina T-Shir,$29
747,Sporty & Ric,Black Cotton Short,$9
748,Versace Jeans Coutur,Multicolor Mallory Sandal,$27
749,Meliss,Black Melissa Becky Sandal,$10
750,Ann Demeulemeeste,Silver Kaatje Crossring Rin,$27
751,Palm Angel,Gray Polyester Lounge Pant,$47
752,MISBH,Black Monogram Tight,$9
753,Alexander McQuee,White & Black Oversized Velcro Sneaker,$65
754,Moschin,Pink Cotton Tank To,$71
755,Jacquemu,Green 'Le Grand Chiquito' Ba,$92
756,Nanushk,Orange Floral Lona Bikini To,$16
757,Louisa Ballo,Multicolor Polyester Maxi Skir,$48
758,Sherri,Navy Nylon Tank To,$15
759,Balenciag,Black Phantom Sneaker,$79
760,Balenciag,Black Logo Denim jacke,$175
761,adidas Original,Grey & Pink Ultraboost 21 COLD.DRY Sneaker,$21
762,Dion Le,Black Powertulle Corset Tank To,$49
763,Vivienne Westwoo,Silver Marsha Earring,$15
764,Gucc,Black Square Oversized Sunglasse,$40
765,Chopova Lowen,Red & Yellow Polyester Short,$9
766,Akoi,SSENSE Exclusive Green Lubang Bikini Se,$14
767,Palm Angel,Pink Mohair Cardiga,$61
768,Versace Jeans Coutur,Black Couture I Tot,$27
769,Eyty,Black Cypress Tar Jean,$26
770,Gimagua,Khaki Rodeo Tank To,$12
771,Suicok,Grey MOTO-VS Sandal,$27
772,Goldsig,Beige 'The Fonteyn' Bodysui,$25
773,Acne Studio,Black Wool Face Ves,$29
774,Shushu/Ton,Silver YVMIN Edition Knotted Bow Earring,$15
775,Gauge8,Black Casar Midi Dres, $29
776,Marc Jacob,Silver 'The Bold Charm' Shoulder Stra,$13
777,Marn,Black Fussbett Sabot Loafer,$71
778,Lemair,Green Cotton Blaze,$84
779,Rick Owen,Black Full Grain Low Sneaker,$99
780,Acne Studio,White Cotton Mini Skir,$68
781,Maisie Wile,Yellow Faved Tank To,$16
782,Acne Studio,Blue Organic Cotton Denim Jacke,$51
783,Jacquemu,Black La Montagne 'Le Bandeau Valensole' Br,$10
784,Bottega Venet,Green Mini Cassette Ba,$100
785,KNWL,Brown Leather Mini Dres,$227
786,ADER erro,Blue Tnnn Jean,$38
787,We11don,Black Polyester Blaze,$63
788,Pleats Please Issey Miyak,Green Monthly Colors April Midi Dres,$50
789,TheOpen Produc,Grey Block Hem Cardiga,$14
790,BY FA,Black Baby Billy Shoulder Ba,$54
791,Akoi,Yellow Cotton Bikin,$14
792,Justine Clenque,Silver Clara Ankle,$10
793,We11don,White Cotton Long Sleeve T-Shir,$47
794,Heron Presto,Black HP-Turist Split Ca,$17
795,MISBH,SSENSE Exclusive Green Nylon Tank To,$19
796,Sporty & Ric,Off-White Cotton Sweatshir,$13
797,Hyein Se,Grey Polyester Mini Dres,$38
798,Gil Rodrigue,Green Coco Mini Dres,$115
799,GANN,White Organic Cotton Mini Dres,$25
800,a. roege hov,SSENSE Exclusive Green Cotton & Nylon Cardiga,$69
801,Ru,Black Nylon Bodysui,$51
802,Saint Lauren,Off-White Quilted Toy Loulou Shoulder Ba,$159
803,Balenciag,Black & Blue Logo Tennis Sock,$13
804,GANN,Grey Software Isoli Short,$11
805,We11don,Black Logo Stamp Bucket Ha,$14
806,Alexander McQuee,White & Blue Oversized Sneaker,$58
807,Justine Clenque,Silver & Gold Rachel Bracele,$9
808,Jacquemu,Black 'La Robe Limao' Dres,$42
809,Henrik Vibsko,Black Organic Cotton Trouser,$29
810,Belle The Labe,Green Vision One-Piece Swimsui,$15
811,Gucc,Pink Interlocking G Heart T-Shir,$55
812,Jacquemu,White 'La Robe Saudade' Dres,$54
813,Loew,Grey Small Gate Ba,$225
814,Palm Angel,Black Blanca Sunglasse,$25
815,Jacquemu,Beige 'Le Bandeau Beijo' Br,$16
816,Sophie Buha,Gold Small Nautilus Rin,$52
817,PANGAIA,Grey 365 Hoodi,$15
818,Acne Studio,Off-White Canvas High Top Sneaker,$35
819,Carhartt Work In Progres,Black Cotton Jacke,$23
820,Saint Lauren,Blue Denim Tribute Flat Sandal,$59
821,Acne Studio,Black Logo Scar,$26
822,TheOpen Produc,Beige & Indigo Linen Trouser,$30
823,New Balanc,Navy Made In US 990v5 Sneaker,$18
824,ISA BOULDE,Silver Appleskin One-Piece Swimsui,$42
825,Baserang,SSENSE Exclusive Blue T-Shir,$10
826,Lado Bokuchav,Tan Small Tot,$22
827,Maison Margiel,Black Tabi Slingback Heel,$79
828,Carhartt Work In Progres,Black Cotton Ves,$18
829,HUGO KREI,Pink & Green Iris Choke,$26
830,Versace Jeans Coutur,Black Flair Heeled Sandal,$30
831,Lemair,Green Cotton Trouser,$47
832,Marn,Blue & Green Chenille Flower Crewnec,$85
833,Loew,Black Anagram Derby,$95
834,Maison Margiel,Black Patent Tabi Derby,$105
835,Pleats Please Issey Miyak,Purple Monthly Colors April Midi Dres,$50
836,Alexander Wan,Blue Frayed Bite Denim Short,$26
837,ARE,Black Acetate Mini Dres,$89
838,GANN,Pink Denim Shir,$29
839,KNWL,Gray Hydra Bel,$46
